;A;R;N;D;C;Q;E;G;H;I;L;K;M;F;P;S;T;W;Y;V
Varijante za osnovni MSA-VAE model;6,313;3,659;6,153;7,169;2,245;3,536;6,669;7,04;3,131;6,306;8,046;6,103;2,854;4,755;3,365;5,011;5,757;1,683;4,244;5,961
Varijante za MSA-VAE model niske topljivosti;5,998;3,9;5,906;6,107;2,222;3,588;6,196;7,312;2,782;6,594;7,996;6,785;2,839;5,296;3,057;5,006;5,835;1,667;4,995;5,92
Varijante za MSA-VAE model srednje topljivosti;6,43;4,154;5,407;6,502;2,235;3,943;6,266;6,552;3,076;7,432;8,295;6,411;2,018;5,292;3,079;5,305;6,339;1,676;4,474;5,115
Varijante za MSA-VAE model visoke topljivosti;7,325;3,771;5,362;7,878;2,254;3,662;6,765;7,322;3,097;6,169;7,887;5,755;2,535;4,789;3,38;4,786;5,685;1,69;4,507;5,38
Uzorci za osnovni MSA-VAE model;14,304;7,84;1,502;5,474;0,266;2,759;6,826;7,661;2,469;4,84;11,843;2,392;1,532;4,305;4,845;4,482;4,798;1,789;2,828;7,245
Uzorci za MSA-VAE model niske topljivosti;13,268;7,495;1,869;5,119;0,28;3,245;6,55;7,188;2,9;5,086;11,921;2,5;1,585;4,936;4,728;4,641;4,863;1,825;3,289;6,712
Uzorci za MSA-VAE model srednje topljivosti;14,31;8,194;1,386;5,473;0,253;2,752;6,811;7,85;2,528;4,754;11,806;2,287;1,663;4,205;5,054;4,225;4,857;1,744;2,76;7,088
Uzorci za MSA-VAE model visoke topljivosti;14,824;8,257;1,134;5,861;0,258;2,348;6,953;8,372;2,146;4,467;11,824;1,964;1,452;3,892;4,913;4,18;5,043;1,772;2,337;8,003
Varijante za osnovni AR-VAE model;6,221;3,732;5,947;6,529;2,217;3,749;6,354;7,24;2,99;6,404;7,858;6,733;2,483;5,237;3,139;4,697;6,294;1,68;4,596;5,903
Varijante za AR-VAE model niske topljivosti;6,605;3,87;5,398;6,204;1,994;4,217;5,611;7,347;2,884;6,899;8,111;6,01;3,187;5,076;3,24;5,34;5,623;1,75;4,869;5,766
Varijante za AR-VAE model srednje topljivosti;6,046;3,826;5,822;6,966;2,268;3,83;5,983;6,975;3,396;6,6;8,091;6,29;2,537;4,675;3,471;5,124;6,229;1,764;4,154;5,952
Varijante za AR-VAE model visoke topljivosti;7,223;3,353;5,676;7,243;2,238;3,546;6,934;7,32;3,091;6,143;7,93;6,197;2,52;4,833;3,452;4,968;5,66;1,677;4,512;5,486
Uzorci za osnovni AR-VAE model;15,756;9,007;1,247;6,138;0,214;2,229;7,237;8,501;2,079;3,589;11,865;1,646;1,204;4,178;6,629;3,86;4,427;1,367;2,253;6,574
Uzorci za AR-VAE model niske topljivosti;14,074;8,419;1,818;5,75;0,191;3,55;6,342;8,782;2,921;3,926;11,488;1,881;1,442;4,112;5,946;4,969;4,568;1,244;2,798;5,781
Uzorci za AR-VAE model srednje topljivosti;17,82;9,21;1,003;5,782;0,144;2,223;6,608;9,352;2,291;2,828;11,701;1,104;1,041;3,292;6,963;3,757;4,481;1,251;2,012;7,137
Uzorci za AR-VAE model visoke topljivosti;15,672;8,199;0,957;6,391;0,181;2,066;7,729;9,632;2,037;3,145;11,234;1,449;1,17;3,317;6,877;3,763;4,797;1,408;2,283;7,694
Varijante za uvjetni MSA-VAE model s uvjetom niske topljivosti;6,489;3,628;6,519;6,412;2,25;3,712;6,191;6,886;3,225;6,428;7,493;6,487;2,823;5,062;3,171;4,994;6,0;1,687;4,498;6,045
Varijante za uvjetni MSA-VAE model s uvjetom srednje topljivosti;6,852;3,714;6,254;6,422;2,257;3,404;6,382;6,85;2,998;6,437;7,473;6,656;2,572;5,074;3,23;5,064;6,128;1,688;4,514;6,03
Varijante za uvjetni MSA-VAE model s uvjetom visoke topljivosti;6,607;3,779;6,246;6,636;2,497;3,626;7,085;6,908;2,61;6,411;7,08;5,958;2,292;5,523;3,605;4,82;6,376;1,69;4,417;5,834
Varijante za uvjetni AR-VAE model s uvjetom niske topljivosti;6,155;3,845;5,501;6,869;2,213;3,705;6,245;6,968;3,754;6,134;8,146;6,135;2,731;5,021;3,092;5,094;6,202;1,661;4,307;6,222
Varijante za uvjetni AR-VAE model s uvjetom srednje topljivosti;6,178;3,812;5,705;7,168;2,225;3,428;6,397;6,827;3,622;5,867;8,205;6,202;2,797;4,995;3,082;5,028;6,051;1,644;4,153;6,613
Varijante za uvjetni AR-VAE model s uvjetom visoke topljivosti;6,495;3,48;5,509;7,486;2,194;3,411;6,739;6,893;3,599;5,538;7,987;6,326;2,97;4,933;3,171;4,848;6,263;1,623;4,198;6,338
Profil obitelji luciferaza;12,559;7,343;2,041;6,022;0,456;3,331;6,601;9,044;2,808;4,268;9,218;2,492;1,767;3,885;5,835;5,192;5,579;1,782;2,805;6,97
Skup podataka za validaciju;12,413;7,251;2,172;5,881;0,517;3,435;6,55;8,754;2,804;4,295;9,563;2,61;2,042;3,84;5,743;5,259;5,49;1,597;2,793;6,991
Skup podataka za treniranje;12,156;7,266;2,218;5,957;0,422;3,588;6,533;8,652;2,888;4,451;9,58;2,72;1,874;4,054;5,767;5,215;5,435;1,602;2,792;6,831
Skup podataka za treniranje i validaciju;12,208;7,263;2,209;5,942;0,441;3,557;6,537;8,672;2,871;4,42;9,576;2,698;1,907;4,011;5,762;5,224;5,446;1,601;2,792;6,863
